{
    "1": {
        "sampled_action": [
            0.46508410573005676,
            0.46508410573005676,
            0.46508410573005676,
            0.46508410573005676,
            0.46508410573005676
        ],
        "termination": [
            false,
            false,
            false,
            false,
            false
        ],
        "rewards": [
            0.2661702058743687,
            0.2661681989590231,
            0.2661661825321511,
            0.26616381451250837,
            0.2661609669947401
        ],
        "states": [
            [
                0.0037471172399818897,
                0.003798013087362051,
                0.7853981852531433,
                0.02180437743663788,
                405.3613586425781,
                0.0,
                0.0
            ],
            [
                0.009646550752222538,
                0.013316602446138859,
                0.7854430079460144,
                0.03337150439620018,
                410.3470458984375,
                -0.002360665937885642,
                0.0
            ],
            [
                0.01804671436548233,
                0.02851335145533085,
                0.7855281233787537,
                0.04534251242876053,
                414.97998046875,
                -0.004962966777384281,
                0.0
            ],
            [
                0.029121356084942818,
                0.04949942231178284,
                0.7856529355049133,
                0.05768918991088867,
                419.2822265625,
                -0.008150951005518436,
                0.0
            ],
            [
                0.04302942752838135,
                0.07638046145439148,
                0.7858170866966248,
                0.07038448005914688,
                423.2748718261719,
                -0.012054525315761566,
                0.0
            ]
        ]
    }
}